worker1;images-0.png;1670284951;1670284951;1670284953
worker1;images-2.png;1670284951;1670284953;1670284955
worker1;images-1.png;1670284951;1670284955;1670284957
worker1;images-1.png;1670284951;1670284957;1670284959
worker1;images-5.png;1670284951;1670284959;1670284961
worker1;images-3.png;1670284951;1670284961;1670284963
worker1;images-6.png;1670284951;1670284963;1670284965
worker1;images-7.png;1670284951;1670284965;1670284967
worker1;images-9.png;1670284951;1670284967;1670284969
worker1;images-8.png;1670284951;1670284969;1670284972
worker1;images-10.png;1670284951;1670284972;1670284974
worker1;images-14.png;1670284951;1670284974;1670284976
worker1;images-15.png;1670284951;1670284976;1670284978
worker1;images-16.png;1670284951;1670284978;1670284980
worker1;images-17.png;1670284951;1670284980;1670284982
worker1;images-11.png;1670284951;1670284982;1670284984
worker1;images-12.png;1670284951;1670284984;1670284986
worker1;images-13.png;1670284951;1670284986;1670284988
worker1;images-18.png;1670284951;1670284988;1670284990
worker1;images-19.png;1670284951;1670284990;1670284992
worker1;images-20.png;1670284951;1670284992;1670284994
worker1;images-21.png;1670284951;1670284994;1670284997
worker1;images-23.png;1670284951;1670284997;1670284999
worker1;images-22.png;1670284951;1670284999;1670285001
worker1;images-24.png;1670284951;1670285001;1670285003
worker1;images-26.png;1670284952;1670285003;1670285005
worker1;images-25.png;1670284952;1670285005;1670285007
worker1;images-27.png;1670284952;1670285007;1670285009
worker1;images-30.png;1670284952;1670285009;1670285011
worker1;images-28.png;1670284952;1670285011;1670285013
worker1;images-29.png;1670284952;1670285013;1670285016
worker1;images-31.png;1670284952;1670285016;1670285018
worker1;images-33.png;1670284952;1670285018;1670285020
worker1;images-32.png;1670284952;1670285020;1670285022
worker1;images-34.png;1670284952;1670285022;1670285024
worker1;images-35.png;1670284952;1670285024;1670285026
worker1;images-36.png;1670284952;1670285026;1670285029
worker1;images-39.png;1670284952;1670285029;1670285031
worker1;images-37.png;1670284952;1670285031;1670285033
worker1;images-38.png;1670284952;1670285033;1670285035
worker1;images-41.png;1670284952;1670285035;1670285037
worker1;images-43.png;1670284952;1670285037;1670285039
worker1;images-40.png;1670284952;1670285039;1670285041
worker1;images-42.png;1670284952;1670285041;1670285044
worker1;images-44.png;1670284952;1670285044;1670285046
worker1;images-46.png;1670284952;1670285046;1670285048
worker1;images-48.png;1670284952;1670285048;1670285050
worker1;images-45.png;1670284952;1670285050;1670285052
worker1;images-49.png;1670284952;1670285052;1670285054
worker1;images-47.png;1670284952;1670285054;1670285056
worker1;images-50.png;1670284952;1670285057;1670285059
worker1;images-51.png;1670284952;1670285059;1670285061
worker1;images-52.png;1670284952;1670285061;1670285063
worker1;images-53.png;1670284953;1670285063;1670285065
worker1;images-54.png;1670284953;1670285065;1670285067
worker1;images-55.png;1670284953;1670285067;1670285069
worker1;images-56.png;1670284953;1670285069;1670285071
worker1;images-57.png;1670284953;1670285071;1670285073
worker1;images-58.png;1670284953;1670285073;1670285075
worker1;images-60.png;1670284953;1670285075;1670285077
worker1;images-59.png;1670284953;1670285077;1670285079
worker1;images-61.png;1670284953;1670285079;1670285081
worker1;images-62.png;1670284953;1670285081;1670285083
worker1;images-63.png;1670284953;1670285083;1670285085
worker1;images-65.png;1670284953;1670285085;1670285087
worker1;images-64.png;1670284953;1670285088;1670285090
worker1;images-66.png;1670284953;1670285090;1670285092
worker1;images-67.png;1670284953;1670285092;1670285094
worker1;images-68.png;1670284953;1670285094;1670285096
worker1;images-69.png;1670284953;1670285096;1670285098
worker1;images-70.png;1670284953;1670285098;1670285100
worker1;images-72.png;1670284953;1670285100;1670285102
worker1;images-71.png;1670284953;1670285102;1670285104
worker1;images-73.png;1670284953;1670285104;1670285106
worker1;images-76.png;1670284953;1670285106;1670285108
worker1;images-74.png;1670284953;1670285108;1670285110
worker1;images-75.png;1670284953;1670285110;1670285112
worker1;images-77.png;1670284953;1670285112;1670285115
worker1;images-78.png;1670284953;1670285115;1670285117
worker1;images-79.png;1670284954;1670285117;1670285119
worker1;images-81.png;1670284954;1670285119;1670285121
worker1;images-82.png;1670284954;1670285121;1670285123
worker1;images-83.png;1670284954;1670285123;1670285125
worker1;images-80.png;1670284954;1670285125;1670285127
worker1;images-84.png;1670284954;1670285127;1670285129
worker1;images-85.png;1670284954;1670285129;1670285132
worker1;images-87.png;1670284954;1670285132;1670285134
worker1;images-86.png;1670284954;1670285134;1670285136
worker1;images-88.png;1670284954;1670285136;1670285138
worker1;images-89.png;1670284954;1670285138;1670285140
worker1;images-90.png;1670284954;1670285140;1670285142
worker1;images-91.png;1670284954;1670285142;1670285144
worker1;images-92.png;1670284954;1670285144;1670285146
worker1;images-93.png;1670284954;1670285146;1670285148
worker1;images-94.png;1670284954;1670285148;1670285150
worker1;images-95.png;1670284954;1670285150;1670285152
worker1;images-96.png;1670284954;1670285152;1670285154
worker1;images-97.png;1670284954;1670285154;1670285156
worker1;images-98.png;1670284954;1670285157;1670285159
worker1;images-99.png;1670284954;1670285159;1670285161
